ID,Category,Title,Content,Combined
1,Dad Joke,Why don’t skeletons fight each other?,They don’t have the guts.,Why don’t skeletons fight each other? They don’t have the guts.
2,Dad Joke,Did you hear about the cheese factory explosion?,There was nothing left but de-brie.,Did you hear about the cheese factory explosion? There was nothing left but de-brie.
3,Dad Joke,Why did the scarecrow win an award?,Because he was outstanding in his field.,Why did the scarecrow win an award? Because he was outstanding in his field.
4,Dad Joke,How does a penguin build its house?,Igloos it together.,How does a penguin build its house? Igloos it together.
5,Dad Joke,Why can’t you give Elsa a balloon?,Because she’ll let it go.,Why can’t you give Elsa a balloon? Because she’ll let it go.
6,Dad Joke,What do you call fake spaghetti?,An impasta.,What do you call fake spaghetti? An impasta.
7,Dad Joke,Why did the golfer bring two pairs of pants?,In case he got a hole in one.,Why did the golfer bring two pairs of pants? In case he got a hole in one.
8,Dad Joke,Why don’t eggs tell each other jokes?,They might crack up.,Why don’t eggs tell each other jokes? They might crack up.
9,Dad Joke,Want to hear a joke about construction?,I’m still working on it.,Want to hear a joke about construction? I’m still working on it.
10,Dad Joke,Why did the math book look sad?,It had too many problems.,Why did the math book look sad? It had too many problems.
11,Dad Joke,What do you call a fish wearing a bowtie?,Sofishticated.,What do you call a fish wearing a bowtie? Sofishticated.
12,Dad Joke,Why are elevator jokes so good?,Because they work on so many levels.,Why are elevator jokes so good? Because they work on so many levels.
13,Dad Joke,How do you organize a space party?,You planet.,How do you organize a space party? You planet.
14,Dad Joke,What did the zero say to the eight?,Nice belt.,What did the zero say to the eight? Nice belt.
15,Dad Joke,Why did the bicycle fall over?,It was two tired.,Why did the bicycle fall over? It was two tired.
16,Dad Joke,What do you call cheese that isn't yours?,Nacho cheese.,What do you call cheese that isn't yours? Nacho cheese.
17,Dad Joke,Why did the tomato turn red?,Because it saw the salad dressing.,Why did the tomato turn red? Because it saw the salad dressing.
18,Dad Joke,How do you make a tissue dance?,Put a little boogie in it.,How do you make a tissue dance? Put a little boogie in it.
19,Dad Joke,What do you call an alligator in a vest?,An investigator.,What do you call an alligator in a vest? An investigator.
20,Dad Joke,Why did the coffee file a police report?,It got mugged.,Why did the coffee file a police report? It got mugged.
21,Dad Joke,What did one wall say to the other wall?,I’ll meet you at the corner.,What did one wall say to the other wall? I’ll meet you at the corner.
22,Dad Joke,Why did the stadium get hot after the game?,All the fans left.,Why did the stadium get hot after the game? All the fans left.
23,Dad Joke,What do you call a can opener that doesn’t work?,A can’t opener.,What do you call a can opener that doesn’t work? A can’t opener.
24,Dad Joke,Why did the cookie go to the hospital?,Because he felt crummy.,Why did the cookie go to the hospital? Because he felt crummy.
25,Dad Joke,What do you call a factory that makes good products?,A satisfactory.,What do you call a factory that makes good products? A satisfactory.
26,Dad Joke,Why can’t you hear a pterodactyl using the bathroom?,Because the “P” is silent.,Why can’t you hear a pterodactyl using the bathroom? Because the “P” is silent.
27,Dad Joke,What do you call a sleeping bull?,A bulldozer.,What do you call a sleeping bull? A bulldozer.
28,Dad Joke,What time did the man go to the dentist?,Tooth-hurty.,What time did the man go to the dentist? Tooth-hurty.
29,Dad Joke,Why are frogs so happy?,Because they eat whatever bugs them.,Why are frogs so happy? Because they eat whatever bugs them.
30,Dad Joke,Why did the computer go to the doctor?,Because it had a virus.,Why did the computer go to the doctor? Because it had a virus.
31,Dad Joke,Why do seagulls fly over the ocean?,"Because if they flew over the bay, they’d be bagels.","Why do seagulls fly over the ocean? Because if they flew over the bay, they’d be bagels."
32,Dad Joke,Why did the man run around his bed?,Because he was trying to catch up on his sleep.,Why did the man run around his bed? Because he was trying to catch up on his sleep.
33,Dad Joke,What did the janitor say when he jumped out of the closet?,Supplies!,What did the janitor say when he jumped out of the closet? Supplies!
34,Dad Joke,Why are ghosts bad at lying?,Because they are too transparent.,Why are ghosts bad at lying? Because they are too transparent.
35,Dad Joke,Why did the bicycle stand up by itself?,Because it was two-tired.,Why did the bicycle stand up by itself? Because it was two-tired.
36,Dad Joke,How do you make holy water?,You boil the hell out of it.,How do you make holy water? You boil the hell out of it.
37,Dad Joke,Why was the math teacher late to work?,He took the rhombus.,Why was the math teacher late to work? He took the rhombus.
38,Dad Joke,Why did the chicken go to the seance?,To talk to the other side.,Why did the chicken go to the seance? To talk to the other side.
39,Dad Joke,Why did the banana go to the doctor?,Because it wasn’t peeling well.,Why did the banana go to the doctor? Because it wasn’t peeling well.
40,Dad Joke,Why can’t your nose be 12 inches long?,Because then it would be a foot.,Why can’t your nose be 12 inches long? Because then it would be a foot.
41,Dad Joke,What’s brown and sticky?,A stick.,What’s brown and sticky? A stick.
42,Dad Joke,What did one hat say to the other?,"You stay here, I’ll go on ahead.","What did one hat say to the other? You stay here, I’ll go on ahead."
43,Dad Joke,Why did the man put his money in the freezer?,He wanted cold hard cash.,Why did the man put his money in the freezer? He wanted cold hard cash.
44,Dad Joke,Why did the cow win an award?,Because she was outstanding in her field.,Why did the cow win an award? Because she was outstanding in her field.
45,Dad Joke,How do you catch a squirrel?,Climb a tree and act like a nut!,How do you catch a squirrel? Climb a tree and act like a nut!
46,Dad Joke,Why did the man get hit by a bike every day?,He was stuck in a vicious cycle.,Why did the man get hit by a bike every day? He was stuck in a vicious cycle.
47,Dad Joke,Why do melons have weddings?,Because they cantaloupe.,Why do melons have weddings? Because they cantaloupe.
48,Dad Joke,Why did the old man fall in the well?,Because he couldn’t see that well.,Why did the old man fall in the well? Because he couldn’t see that well.
49,Dad Joke,Why do cows wear bells?,Because their horns don’t work.,Why do cows wear bells? Because their horns don’t work.
50,Dad Joke,How does a vampire start a letter?,Tomb it may concern…,How does a vampire start a letter? Tomb it may concern…
51,Dad Joke,Why did the mushroom go to the party?,Because he was a fungi to be with.,Why did the mushroom go to the party? Because he was a fungi to be with.
52,Dad Joke,What did one plate say to the other plate?,Dinner’s on me.,What did one plate say to the other plate? Dinner’s on me.
53,Dad Joke,Why are fish so smart?,Because they live in schools.,Why are fish so smart? Because they live in schools.
54,Dad Joke,Why did the duck get a job?,He was a quack-up.,Why did the duck get a job? He was a quack-up.
55,Dad Joke,Why can’t you trust stairs?,They’re always up to something.,Why can’t you trust stairs? They’re always up to something.
56,Dad Joke,Why do bees have sticky hair?,Because they use honeycombs.,Why do bees have sticky hair? Because they use honeycombs.
57,Dad Joke,Why was the broom late?,It swept in.,Why was the broom late? It swept in.
58,Dad Joke,What did the big flower say to the little flower?,"Hi, bud!","What did the big flower say to the little flower? Hi, bud!"
59,Dad Joke,Why did the barber win the race?,He knew all the shortcuts.,Why did the barber win the race? He knew all the shortcuts.
60,Dad Joke,How do you organize a fantastic party in space?,You planet.,How do you organize a fantastic party in space? You planet.
61,Dad Joke,Why did the golfer bring an extra shirt?,In case he got a hole in one.,Why did the golfer bring an extra shirt? In case he got a hole in one.
62,Dad Joke,Why did the orange stop?,It ran out of juice.,Why did the orange stop? It ran out of juice.
63,Dad Joke,How do cows stay up to date with current events?,They read the moos-paper.,How do cows stay up to date with current events? They read the moos-paper.
64,Dad Joke,Why did the picture go to jail?,Because it was framed.,Why did the picture go to jail? Because it was framed.
65,Dad Joke,Why did the chicken join a band?,Because it had the drumsticks.,Why did the chicken join a band? Because it had the drumsticks.
66,Dad Joke,Why did the crab never share?,Because he’s shellfish.,Why did the crab never share? Because he’s shellfish.
67,Dad Joke,What did the grape do when he got stepped on?,"Nothing, he just let out a little wine.","What did the grape do when he got stepped on? Nothing, he just let out a little wine."
68,Dad Joke,Why did the bicycle need a nap?,It was two tired.,Why did the bicycle need a nap? It was two tired.
69,Dad Joke,Why did the tree go to the barber?,It needed a trim.,Why did the tree go to the barber? It needed a trim.
70,Dad Joke,Why did the man put his money in the blender?,He wanted to make liquid assets.,Why did the man put his money in the blender? He wanted to make liquid assets.
71,Dad Joke,How do you catch a whole school of fish?,With a bookworm.,How do you catch a whole school of fish? With a bookworm.
72,Dad Joke,Why was the stadium so cool?,Because it was filled with fans.,Why was the stadium so cool? Because it was filled with fans.
73,Dad Joke,What do you call a bear with no teeth?,A gummy bear.,What do you call a bear with no teeth? A gummy bear.
74,Dad Joke,Why don’t oysters donate to charity?,Because they are shellfish.,Why don’t oysters donate to charity? Because they are shellfish.
75,Dad Joke,How do you get a tissue to dance?,Put a little boogie in it.,How do you get a tissue to dance? Put a little boogie in it.
76,Dad Joke,Why did the computer keep sneezing?,It had a virus.,Why did the computer keep sneezing? It had a virus.
77,Dad Joke,Why did the banker switch careers?,He lost interest.,Why did the banker switch careers? He lost interest.
78,Dad Joke,Why did the grape stop in the middle of the road?,He ran out of juice.,Why did the grape stop in the middle of the road? He ran out of juice.
79,Dad Joke,Why did the phone go to school?,To improve its cell-f.,Why did the phone go to school? To improve its cell-f.
80,Dad Joke,Why did the pencil get an award?,Because it had a point.,Why did the pencil get an award? Because it had a point.
81,Dad Joke,Why did the clock get kicked out of class?,Because it was tocking too much.,Why did the clock get kicked out of class? Because it was tocking too much.
82,Dad Joke,Why did the skeleton stay home from the party?,He had no body to go with.,Why did the skeleton stay home from the party? He had no body to go with.
83,Dad Joke,Why don’t you ever see elephants hiding in trees?,Because they’re so good at it.,Why don’t you ever see elephants hiding in trees? Because they’re so good at it.
84,Dad Joke,Why did the man take a ladder to the bar?,Because he heard the drinks were on the house.,Why did the man take a ladder to the bar? Because he heard the drinks were on the house.
85,Dad Joke,What do you call an underwater social network?,Fishbook.,What do you call an underwater social network? Fishbook.
86,Dad Joke,Why do ducks have feathers?,To cover their butt quacks.,Why do ducks have feathers? To cover their butt quacks.
87,Dad Joke,Why did the frog call his insurance company?,He had a jump in his car.,Why did the frog call his insurance company? He had a jump in his car.
88,Dad Joke,What did the left eye say to the right eye?,"Between you and me, something smells.","What did the left eye say to the right eye? Between you and me, something smells."
89,Dad Joke,Why did the calendar go on a diet?,It wanted to lose its dates.,Why did the calendar go on a diet? It wanted to lose its dates.
90,Dad Joke,Why do vampires always seem sick?,They’re always coffin.,Why do vampires always seem sick? They’re always coffin.
1,History Fact,The Great Fire of London,"In 1666, a fire that started in a bakery on Pudding Lane destroyed much of London, but only six people were officially recorded to have died.","The Great Fire of London in 1666 started in a bakery on Pudding Lane and destroyed much of the city, but only six deaths were officially recorded."
2,History Fact,Napoleon Wasn’t Short,"Napoleon Bonaparte was actually around 5'6"" or 5'7"", average height for his time—his 'short' reputation came from a confusion between French and British measurements.","Napoleon wasn’t actually short; he was average height for his time, but confusion between measurement systems made people think otherwise."
3,History Fact,The Shortest War in History,"The Anglo-Zanzibar War of 1896 lasted between 38 and 45 minutes, making it the shortest war in recorded history.",The shortest war in history was between Britain and Zanzibar in 1896 and lasted less than an hour.
4,History Fact,Cleopatra Was Not Egyptian,"Cleopatra VII was actually Greek, from the Ptolemaic dynasty, which ruled Egypt after Alexander the Great's conquest.","Though queen of Egypt, Cleopatra was of Greek origin, not Egyptian."
5,History Fact,Einstein Was Offered Presidency,"In 1952, Albert Einstein was offered the presidency of Israel but turned it down because he didn’t feel qualified.","Albert Einstein declined the offer to become Israel’s president in 1952, saying he lacked the natural aptitude for politics."
6,History Fact,The Eiffel Tower Grows and Shrinks,The Eiffel Tower can grow over 6 inches taller in the summer due to thermal expansion of the metal.,"In hot weather, the Eiffel Tower expands and can grow over 6 inches taller due to metal’s reaction to heat."
7,History Fact,Julius Caesar Was Kidnapped,"When Julius Caesar was kidnapped by pirates, he demanded they raise his ransom and later had them captured and executed.",Caesar once told his pirate captors to raise his ransom and later hunted them down and had them executed after his release.
8,History Fact,A Pope Put a Dead Pope on Trial,"In 897 AD, Pope Stephen VI had his predecessor Pope Formosus exhumed, dressed in robes, and put on trial in the bizarre 'Cadaver Synod.'","In the 9th century, a dead pope was exhumed and put on trial by his successor in one of the strangest moments in papal history."
9,History Fact,The U.S. Once Planned to Nuke the Moon,"During the Cold War, the U.S. military considered detonating a nuclear bomb on the moon to show strength to the Soviets.",The U.S. once proposed nuking the moon as a Cold War show of force.
10,History Fact,Witch Trials Allowed “Swimming” Tests,"Accused witches were often “swum”—if they floated, they were guilty; if they sank, they were innocent but drowned.","During witch trials, floating meant guilt and sinking meant death. Either way, accused witches rarely survived."
11,History Fact,When was the Great Fire of London?,1666,When was the Great Fire of London? 1666.
12,History Fact,Who was the first Emperor of China?,Qin Shi Huang,Who was the first Emperor of China? Qin Shi Huang.
13,History Fact,What triggered World War I?,The assassination of Archduke Franz Ferdinand in 1914,What triggered World War I? The assassination of Archduke Franz Ferdinand in 1914.
14,History Fact,Who was the first President of South Africa after apartheid?,Nelson Mandela,Who was the first President of South Africa after apartheid? Nelson Mandela.
15,History Fact,When did the Berlin Wall fall?,1989,When did the Berlin Wall fall? 1989.
16,History Fact,Which ancient civilization built Machu Picchu?,The Incas,Which ancient civilization built Machu Picchu? The Incas.
17,History Fact,Who painted the ceiling of the Sistine Chapel?,Michelangelo,Who painted the ceiling of the Sistine Chapel? Michelangelo.
18,History Fact,What year did the Titanic sink?,1912,What year did the Titanic sink? 1912.
19,History Fact,Which empire was ruled by Genghis Khan?,The Mongol Empire,Which empire was ruled by Genghis Khan? The Mongol Empire.
20,History Fact,When did the American Civil War start?,1861,When did the American Civil War start? 1861.
21,History Fact,Who was the first female pharaoh of Egypt?,Hatshepsut was one of the earliest and most successful female pharaohs.,Who was the first female pharaoh of Egypt? Hatshepsut was one of the earliest and most successful female pharaohs.
22,History Fact,What ancient city was buried by a volcanic eruption in 79 AD?,Pompeii was buried under ash when Mount Vesuvius erupted.,What ancient city was buried by a volcanic eruption in 79 AD? Pompeii was buried under ash when Mount Vesuvius erupted.
23,History Fact,Who wrote the Declaration of Independence?,Thomas Jefferson was the principal author of the Declaration of Independence.,Who wrote the Declaration of Independence? Thomas Jefferson was the principal author of the Declaration of Independence.
24,History Fact,What major wall was torn down in 1989?,"The Berlin Wall, symbol of the Cold War, was dismantled in 1989.","What major wall was torn down in 1989? The Berlin Wall, symbol of the Cold War, was dismantled in 1989."
25,History Fact,What was the Black Death?,A devastating global epidemic of bubonic plague that struck Europe and Asia in the mid-1300s.,What was the Black Death? A devastating global epidemic of bubonic plague that struck Europe and Asia in the mid-1300s.
26,History Fact,Who discovered penicillin?,Alexander Fleming discovered penicillin in 1928.,Who discovered penicillin? Alexander Fleming discovered penicillin in 1928.
27,History Fact,When was the U.S. Constitution signed?,"The Constitution was signed on September 17, 1787.","When was the U.S. Constitution signed? The Constitution was signed on September 17, 1787."
28,History Fact,What triggered World War I?,The assassination of Archduke Franz Ferdinand in 1914.,What triggered World War I? The assassination of Archduke Franz Ferdinand in 1914.
29,History Fact,Who was the first emperor of Rome?,Augustus Caesar was the first Roman emperor.,Who was the first emperor of Rome? Augustus Caesar was the first Roman emperor.
30,History Fact,What was the Trail of Tears?,The forced relocation of Native Americans resulting in thousands of deaths.,What was the Trail of Tears? The forced relocation of Native Americans resulting in thousands of deaths.
31,History Fact,Aztec Human Sacrifice,"The Aztecs performed human sacrifices to appease their gods, sometimes thousands in a single event.","The Aztecs performed human sacrifices to appease their gods, sometimes thousands in a single event."
32,History Fact,The Original Marathon,"The first marathon commemorates a Greek soldier running from Marathon to Athens, about 26 miles, to deliver news of victory.","The first marathon commemorates a Greek soldier running from Marathon to Athens, about 26 miles, to deliver news of victory."
33,History Fact,Cleopatra’s Time Is Closer to Us,Cleopatra VII lived closer in time to the moon landing than to the construction of the Great Pyramid.,Cleopatra lived closer to the moon landing than to the Great Pyramid’s construction.
34,History Fact,Genghis Khan’s DNA,Genghis Khan has so many descendants that about 1 in 200 men worldwide are his direct genetic descendants.,About 1 in 200 men today are direct descendants of Genghis Khan.
35,History Fact,Anne Frank and MLK Were Born Same Year,Anne Frank and Martin Luther King Jr. were both born in 1929.,Anne Frank and Martin Luther King Jr. were both born in 1929.
36,History Fact,Ancient Romans Used Gladiator Sweat,Ancient Romans collected perspiration from gladiators and sold it as a cosmetic product.,Ancient Romans collected gladiator sweat and sold it as an aphrodisiac.
37,History Fact,"Mansa Musa, the Richest Man",Mansa Musa of Mali was so wealthy in the 14th century that his generosity disrupted local economies.,Mansa Musa of 14th-century Mali was so wealthy his gifts disrupted economies.
38,History Fact,The First Vending Machine,"The first vending machine, in ancient Alexandria, dispensed holy water.",The first vending machine in ancient Alexandria dispensed holy water.
39,History Fact,George Washington’s Dentures,"George Washington’s dentures were not wood, but made from human, animal teeth, and other materials.","Washington’s dentures were made from human, animal teeth, and more—never wood."
40,History Fact,The Dancing Plague of 1518,"In 1518, people in Strasbourg danced uncontrollably for days; some even died of exhaustion.","During the Dancing Plague of 1518, people in Strasbourg danced until they collapsed from exhaustion."
91,History Fact,The Wright brothers made the first powered flight,It lasted 12 seconds in 1903.,The Wright brothers made the first powered flight in 1903. It lasted 12 seconds.
92,History Fact,The Magna Carta was signed,It happened in 1215 and limited the powers of the English king.,"The Magna Carta was signed in 1215, limiting the powers of the English king."
93,History Fact,The Cold War began after WWII,It was a period of political tension between the U.S. and Soviet Union.,The Cold War began after WWII and was a period of political tension between the U.S. and Soviet Union.
94,History Fact,The Berlin Wall fell in 1989,It marked the end of the Cold War and German reunification.,"The Berlin Wall fell in 1989, marking the end of the Cold War and German reunification."
95,History Fact,The Black Death killed millions,"It struck Europe in the 14th century, killing about 1/3 of the population.",The Black Death killed about 1/3 of Europe's population in the 14th century.
96,History Fact,Julius Caesar was assassinated in 44 BCE,His death led to the fall of the Roman Republic.,"Julius Caesar was assassinated in 44 BCE, leading to the fall of the Roman Republic."
97,History Fact,The Titanic sank in 1912,It was one of the deadliest commercial peacetime maritime disasters.,The Titanic sank in 1912 in one of the deadliest commercial maritime disasters.
98,History Fact,Women gained the right to vote in the U.S. in 1920,The 19th Amendment granted this right after decades of activism.,"In 1920, the 19th Amendment gave women the right to vote in the U.S."
99,History Fact,The Great Depression began in 1929,It started with the stock market crash and lasted a decade.,The Great Depression began with the 1929 stock market crash and lasted a decade.
100,History Fact,The Declaration of Independence was signed in 1776,It marked the beginning of the United States as an independent nation.,"The Declaration of Independence was signed in 1776, marking the U.S.'s birth."
1,Quote,Albert Einstein,Imagination is more important than knowledge.,Imagination is more important than knowledge. – Albert Einstein
2,Quote,Isaac Newton,"If I have seen further, it is by standing on the shoulders of giants.","If I have seen further, it is by standing on the shoulders of giants. – Isaac Newton"
3,Quote,Socrates,The unexamined life is not worth living.,The unexamined life is not worth living. – Socrates
4,Quote,Marie Curie,"Nothing in life is to be feared, it is only to be understood.","Nothing in life is to be feared, it is only to be understood. – Marie Curie"
5,Quote,Mark Twain,The secret of getting ahead is getting started.,The secret of getting ahead is getting started. – Mark Twain
6,Quote,Eleanor Roosevelt,No one can make you feel inferior without your consent.,No one can make you feel inferior without your consent. – Eleanor Roosevelt
7,Quote,Confucius,It does not matter how slowly you go as long as you do not stop.,It does not matter how slowly you go as long as you do not stop. – Confucius
8,Quote,Nikola Tesla,"The present is theirs; the future, for which I really worked, is mine.","The present is theirs; the future, for which I really worked, is mine. – Nikola Tesla"
9,Quote,Carl Sagan,"Somewhere, something incredible is waiting to be known.","Somewhere, something incredible is waiting to be known. – Carl Sagan"
10,Quote,Aristotle,Knowing yourself is the beginning of all wisdom.,Knowing yourself is the beginning of all wisdom. – Aristotle
11,Quote,Leonardo da Vinci,Simplicity is the ultimate sophistication.,Simplicity is the ultimate sophistication. – Leonardo da Vinci
12,Quote,Bertrand Russell,The good life is one inspired by love and guided by knowledge.,The good life is one inspired by love and guided by knowledge. – Bertrand Russell
13,Quote,Richard Feynman,I would rather have questions that can't be answered than answers that can't be questioned.,I would rather have questions that can't be answered than answers that can't be questioned. – Richard Feynman
14,Quote,Johann Wolfgang von Goethe,Knowing is not enough; we must apply. Willing is not enough; we must do.,Knowing is not enough; we must apply. Willing is not enough; we must do. – Johann Wolfgang von Goethe
15,Quote,Plato,Reality is created by the mind. We can change our reality by changing our mind.,Reality is created by the mind. We can change our reality by changing our mind. – Plato
16,Quote,Maya Angelou,"I've learned that people will forget what you said, people will forget what you did, but people will never forget how you made them feel.","I've learned that people will forget what you said, people will forget what you did, but people will never forget how you made them feel. – Maya Angelou"
17,Quote,Thomas Edison,Genius is one percent inspiration and ninety-nine percent perspiration.,Genius is one percent inspiration and ninety-nine percent perspiration. – Thomas Edison
18,Quote,Marcus Aurelius,"You have power over your mind – not outside events. Realize this, and you will find strength.","You have power over your mind – not outside events. Realize this, and you will find strength. – Marcus Aurelius"
19,Quote,Alan Watts,"The only way to make sense out of change is to plunge into it, move with it, and join the dance.","The only way to make sense out of change is to plunge into it, move with it, and join the dance. – Alan Watts"
20,Quote,Blaise Pascal,All of humanity's problems stem from man's inability to sit quietly in a room alone.,All of humanity's problems stem from man's inability to sit quietly in a room alone. – Blaise Pascal
21,Quote,Aristotle,"We are what we repeatedly do. Excellence, then, is not an act, but a habit.","We are what we repeatedly do. Excellence, then, is not an act, but a habit. – Aristotle"
22,Quote,Stephen Hawking,Intelligence is the ability to adapt to change.,Intelligence is the ability to adapt to change. – Stephen Hawking
23,Quote,Nikola Tesla,"If you want to find the secrets of the universe, think in terms of energy, frequency and vibration.","If you want to find the secrets of the universe, think in terms of energy, frequency and vibration. – Nikola Tesla"
24,Quote,Carl Sagan,"Somewhere, something incredible is waiting to be known.","Somewhere, something incredible is waiting to be known. – Carl Sagan"
25,Quote,Eleanor Roosevelt,The future belongs to those who believe in the beauty of their dreams.,The future belongs to those who believe in the beauty of their dreams. – Eleanor Roosevelt
26,Quote,Sun Tzu,"In the midst of chaos, there is also opportunity.","In the midst of chaos, there is also opportunity. – Sun Tzu"
27,Quote,Marie Curie,"Nothing in life is to be feared, it is only to be understood.","Nothing in life is to be feared, it is only to be understood. – Marie Curie"
28,Quote,Alan Turing,"Those who can imagine anything, can create the impossible.","Those who can imagine anything, can create the impossible. – Alan Turing"
29,Quote,Lao Tzu,Knowing others is intelligence; knowing yourself is true wisdom.,Knowing others is intelligence; knowing yourself is true wisdom. – Lao Tzu
30,Quote,Socrates,The unexamined life is not worth living.,The unexamined life is not worth living. – Socrates
31,Quote,Richard Feynman,I would rather have questions that can't be answered than answers that can't be questioned.,I would rather have questions that can't be answered than answers that can't be questioned. – Richard Feynman
32,Quote,Rosa Parks,"I have learned over the years that when one's mind is made up, this diminishes fear.","I have learned over the years that when one's mind is made up, this diminishes fear. – Rosa Parks"
33,Quote,Thomas Edison,"I have not failed. I've just found 10,000 ways that won't work.","I have not failed. I've just found 10,000 ways that won't work. – Thomas Edison"
34,Quote,Neil deGrasse Tyson,The good thing about science is that it's true whether or not you believe in it.,The good thing about science is that it's true whether or not you believe in it. – Neil deGrasse Tyson
35,Quote,Confucius,It does not matter how slowly you go as long as you do not stop.,It does not matter how slowly you go as long as you do not stop. – Confucius
36,Quote,Mark Twain,"Courage is resistance to fear, mastery of fear—not absence of fear.","Courage is resistance to fear, mastery of fear—not absence of fear. – Mark Twain"
37,Quote,Jane Goodall,"What you do makes a difference, and you have to decide what kind of difference you want to make.","What you do makes a difference, and you have to decide what kind of difference you want to make. – Jane Goodall"
38,Quote,Viktor Frankl,"Those who have a 'why' to live, can bear almost any 'how'.","Those who have a 'why' to live, can bear almost any 'how'. – Viktor Frankl"
39,Quote,Leonardo da Vinci,Learning never exhausts the mind.,Learning never exhausts the mind. – Leonardo da Vinci
40,Quote,Malcolm X,"Education is the passport to the future, for tomorrow belongs to those who prepare for it today.","Education is the passport to the future, for tomorrow belongs to those who prepare for it today. – Malcolm X"
41,Quote,Carl Jung,"Who looks outside, dreams; who looks inside, awakes.","Who looks outside, dreams; who looks inside, awakes. – Carl Jung"
42,Quote,Marie Curie,"Nothing in life is to be feared, it is only to be understood.","Nothing in life is to be feared, it is only to be understood. – Marie Curie"
43,Quote,Maya Angelou,"Do the best you can until you know better. Then when you know better, do better.","Do the best you can until you know better. Then when you know better, do better. – Maya Angelou"
44,Quote,Blaise Pascal,All of humanity's problems stem from man's inability to sit quietly in a room alone.,All of humanity's problems stem from man's inability to sit quietly in a room alone. – Blaise Pascal
45,Quote,Seneca,We suffer more in imagination than in reality.,We suffer more in imagination than in reality. – Seneca
46,Quote,Eleanor Roosevelt,The future belongs to those who believe in the beauty of their dreams.,The future belongs to those who believe in the beauty of their dreams. – Eleanor Roosevelt
47,Quote,Nikola Tesla,"If you want to find the secrets of the universe, think in terms of energy, frequency and vibration.","If you want to find the secrets of the universe, think in terms of energy, frequency and vibration. – Nikola Tesla"
48,Quote,Stephen Hawking,Intelligence is the ability to adapt to change.,Intelligence is the ability to adapt to change. – Stephen Hawking
49,Quote,Marcus Aurelius,The happiness of your life depends upon the quality of your thoughts.,The happiness of your life depends upon the quality of your thoughts. – Marcus Aurelius
50,Quote,Helen Keller,"Although the world is full of suffering, it is also full of the overcoming of it.","Although the world is full of suffering, it is also full of the overcoming of it. – Helen Keller"
51,Quote,Isaac Newton,If I have seen further it is by standing on the shoulders of giants.,If I have seen further it is by standing on the shoulders of giants. – Isaac Newton
52,Quote,Alan Watts,The menu is not the meal.,The menu is not the meal. – Alan Watts
53,Quote,Abraham Maslow,In any given moment we have two options: to step forward into growth or to step back into safety.,In any given moment we have two options: to step forward into growth or to step back into safety. – Abraham Maslow
54,Quote,George Bernard Shaw,"Progress is impossible without change, and those who cannot change their minds cannot change anything.","Progress is impossible without change, and those who cannot change their minds cannot change anything. – George Bernard Shaw"
55,Quote,Søren Kierkegaard,Life can only be understood backwards; but it must be lived forwards.,Life can only be understood backwards; but it must be lived forwards. – Søren Kierkegaard
56,Quote,Jean-Paul Sartre,Man is nothing else but what he makes of himself.,Man is nothing else but what he makes of himself. – Jean-Paul Sartre
57,Quote,Aldous Huxley,Experience is not what happens to a man; it is what a man does with what happens to him.,Experience is not what happens to a man; it is what a man does with what happens to him. – Aldous Huxley
58,Quote,Hypatia,"Reserve your right to think, for even to think wrongly is better than not to think at all.","Reserve your right to think, for even to think wrongly is better than not to think at all. – Hypatia"
59,Quote,Confucius,It does not matter how slowly you go as long as you do not stop.,It does not matter how slowly you go as long as you do not stop. – Confucius
60,Quote,Cicero,A room without books is like a body without a soul.,A room without books is like a body without a soul. – Cicero
61,Quote,Simone de Beauvoir,"Change your life today. Don't gamble on the future, act now, without delay.","Change your life today. Don't gamble on the future, act now, without delay. – Simone de Beauvoir"
62,Quote,Leonardo da Vinci,Learning never exhausts the mind.,Learning never exhausts the mind. – Leonardo da Vinci
63,Quote,Nikola Tesla,"If you want to find the secrets of the universe, think in terms of energy, frequency, and vibration.","If you want to find the secrets of the universe, think in terms of energy, frequency, and vibration. – Nikola Tesla"
64,Quote,Carl Jung,"Your vision will become clear only when you look into your heart. Who looks outside, dreams; who looks inside",
65,Quote,Virginia Woolf,"Lock up your libraries if you like; but there is no gate, no lock, no bolt that you can set upon the freedom of my mind.","Lock up your libraries if you like; but there is no gate, no lock, no bolt that you can set upon the freedom of my mind. – Virginia Woolf"
66,Quote,George Orwell,"In a time of deceit, telling the truth is a revolutionary act.","In a time of deceit, telling the truth is a revolutionary act. – George Orwell"
67,Quote,Karl Popper,"True ignorance is not the absence of knowledge, but the refusal to acquire it.","True ignorance is not the absence of knowledge, but the refusal to acquire it. – Karl Popper"
68,Quote,Arthur Schopenhauer,Talent hits a target no one else can hit; genius hits a target no one else can see.,Talent hits a target no one else can hit; genius hits a target no one else can see. – Arthur Schopenhauer
69,Quote,Spinoza,"The more you struggle to live, the less you live. Give up the notion that you must be sure of what you are doing.","The more you struggle to live, the less you live. – Baruch Spinoza"
70,Quote,Hannah Arendt,The most radical revolutionary will become a conservative the day after the revolution.,The most radical revolutionary will become a conservative the day after the revolution. – Hannah Arendt
71,Quote,James Baldwin,Not everything that is faced can be changed. But nothing can be changed until it is faced.,Not everything that is faced can be changed. But nothing can be changed until it is faced. – James Baldwin
72,Quote,Audre Lorde,Your silence will not protect you.,Your silence will not protect you. – Audre Lorde
73,Quote,Heraclitus,"No man ever steps in the same river twice, for it's not the same river and he's not the same man.","No man ever steps in the same river twice, for it's not the same river and he's not the same man. – Heraclitus"
74,Quote,Pythagoras,Do not say a little in many words but a great deal in few.,Do not say a little in many words but a great deal in few. – Pythagoras
75,Quote,Simone de Beauvoir,"Change your life today. Don’t gamble on the future, act now, without delay.","Change your life today. Don’t gamble on the future, act now, without delay. – Simone de Beauvoir"
76,Quote,Rosa Luxemburg,"Those who do not move, do not notice their chains.","Those who do not move, do not notice their chains. – Rosa Luxemburg"
77,Quote,Emily Dickinson,Forever is composed of nows.,Forever is composed of nows. – Emily Dickinson
78,Quote,Confucius,It does not matter how slowly you go as long as you do not stop.,It does not matter how slowly you go as long as you do not stop. – Confucius
79,Quote,Voltaire,Judge a man by his questions rather than by his answers.,Judge a man by his questions rather than by his answers. – Voltaire
80,Quote,Mahatma Gandhi,The best way to find yourself is to lose yourself in the service of others.,The best way to find yourself is to lose yourself in the service of others. – Mahatma Gandhi
81,Quote,Audre Lorde,Your silence will not protect you.,Your silence will not protect you. – Audre Lorde
82,Quote,Carl Sagan,"Somewhere, something incredible is waiting to be known.","Somewhere, something incredible is waiting to be known. – Carl Sagan"
83,Quote,Nikola Tesla,"The present is theirs; the future, for which I really worked, is mine.","The present is theirs; the future, for which I really worked, is mine. – Nikola Tesla"
84,Quote,Leonardo da Vinci,Learning never exhausts the mind.,Learning never exhausts the mind. – Leonardo da Vinci
85,Quote,Heraclitus,"No man ever steps in the same river twice, for it’s not the same river and he’s not the same man.","No man ever steps in the same river twice, for it’s not the same river and he’s not the same man. – Heraclitus"
86,Quote,Alan Watts,Trying to define yourself is like trying to bite your own teeth.,Trying to define yourself is like trying to bite your own teeth. – Alan Watts
87,Quote,Zora Neale Hurston,There are years that ask questions and years that answer.,There are years that ask questions and years that answer. – Zora Neale Hurston
88,Quote,Albert Camus,Real generosity toward the future lies in giving all to the present.,Real generosity toward the future lies in giving all to the present. – Albert Camus
89,Quote,Bruce Lee,"Absorb what is useful, discard what is not, add what is uniquely your own.","Absorb what is useful, discard what is not, add what is uniquely your own. – Bruce Lee"
90,Quote,Lao Tzu,Knowing others is intelligence; knowing yourself is true wisdom.,Knowing others is intelligence; knowing yourself is true wisdom. – Lao Tzu
1,Science Fact,Lightning’s Heat,Lightning can heat the air around it to 5 times hotter than the surface of the sun.,Lightning can heat the air around it to 5 times hotter than the surface of the sun.
2,Science Fact,DNA’s Length,"If uncoiled, all the DNA in your body could stretch from the Earth to the Sun and back—about 600 times.","If uncoiled, all the DNA in your body could stretch from the Earth to the Sun and back—about 600 times."
3,Science Fact,Bone Strength,"Ounce for ounce, human bones are stronger than steel.","Ounce for ounce, human bones are stronger than steel."
4,Science Fact,Jellyfish Immortality,"Some jellyfish can biologically revert to earlier life stages, making them potentially immortal.","Some jellyfish can biologically revert to earlier life stages, making them potentially immortal."
5,Science Fact,Space is Noisy,"Space is silent, but certain instruments can ""hear"" space by detecting radio waves and turning them into sound.","Space is silent, but certain instruments can ""hear"" space by detecting radio waves and turning them into sound."
6,Science Fact,Ocean Depth Pressure,"At the deepest part of the ocean, the pressure is over 1,000 times the standard atmospheric pressure.","At the deepest part of the ocean, the pressure is over 1,000 times the standard atmospheric pressure."
7,Science Fact,Banana Radiation,"Bananas contain potassium-40, a radioactive isotope, and are slightly radioactive.","Bananas contain potassium-40, a radioactive isotope, and are slightly radioactive."
8,Science Fact,Eye Resolution,The human eye can see roughly 576 megapixels worth of detail.,The human eye can see roughly 576 megapixels worth of detail.
9,Science Fact,Octopus Hearts,"An octopus has three hearts—and when it swims, one of them stops beating.","An octopus has three hearts—and when it swims, one of them stops beating."
10,Science Fact,Moon Dust Smell,"Moon dust smells like gunpowder, according to astronauts.","Moon dust smells like gunpowder, according to astronauts."
11,Science Fact,Blood in Space,"In zero gravity, your body shifts fluids and your face gets puffy and legs thin out—astronauts call it “chicken legs.”","In zero gravity, your body shifts fluids and your face gets puffy and legs thin out—astronauts call it “chicken legs.”"
12,Science Fact,Plant Communication,"Trees can “talk” to each other through underground fungal networks, sharing nutrients and warnings.","Trees can “talk” to each other through underground fungal networks, sharing nutrients and warnings."
13,Science Fact,Virus Size,"If you stacked a million viruses end-to-end, they would stretch only about 1 millimeter.","If you stacked a million viruses end-to-end, they would stretch only about 1 millimeter."
14,Science Fact,Ant Strength,Ants can lift up to 50 times their body weight.,Ants can lift up to 50 times their body weight.
15,Science Fact,Brain Power,"Your brain uses about 20% of your body’s energy, even though it’s only about 2% of your body weight.","Your brain uses about 20% of your body’s energy, even though it’s only about 2% of your body weight."
16,Science Fact,Mars Sunsets,Sunsets on Mars are blue due to how dust in the atmosphere scatters sunlight.,Sunsets on Mars are blue due to how dust in the atmosphere scatters sunlight.
17,Science Fact,Bacteria Quantity,There are more bacteria in your mouth than there are people on Earth.,There are more bacteria in your mouth than there are people on Earth.
18,Science Fact,Earth’s Rotation,Earth’s rotation is gradually slowing down—about 17 milliseconds every 100 years.,Earth’s rotation is gradually slowing down—about 17 milliseconds every 100 years.
19,Science Fact,Whale Heart,"A blue whale’s heart is so big, a human could crawl through its arteries.","A blue whale’s heart is so big, a human could crawl through its arteries."
20,Science Fact,Quantum Tunneling,"In quantum physics, particles can pass through barriers without breaking them—called quantum tunneling.","In quantum physics, particles can pass through barriers without breaking them—called quantum tunneling."
21,Science Fact,Water Memory,Water can remain in liquid form below freezing if it’s super clean and undisturbed—called supercooled water.,Water can remain in liquid form below freezing if it’s super clean and undisturbed—called supercooled water.
22,Science Fact,Spider Silk Strength,Spider silk is five times stronger than steel of the same diameter.,Spider silk is five times stronger than steel of the same diameter.
23,Science Fact,Mitochondria Origin,Mitochondria inside your cells were once free-living bacteria that became part of us through symbiosis.,Mitochondria inside your cells were once free-living bacteria that became part of us through symbiosis.
24,Science Fact,Atom Emptiness,Atoms are 99.999999999% empty space.,Atoms are 99.999999999% empty space.
25,Science Fact,Cockroach Breathing,Cockroaches don’t need their mouths to breathe—they breathe through small holes in their body.,Cockroaches don’t need their mouths to breathe—they breathe through small holes in their body.
26,Science Fact,Water Expands,"Water expands when it freezes, which is why ice floats.","Water expands when it freezes, which is why ice floats."
27,Science Fact,Memory Storage,The human brain has enough memory to store roughly 2.5 petabytes of data.,The human brain has enough memory to store roughly 2.5 petabytes of data.
28,Science Fact,Heartbeat Syncing,"When people sing together, their heartbeats can sync up.","When people sing together, their heartbeats can sync up."
29,Science Fact,Animal Navigation,Some birds can “see” Earth’s magnetic field using a protein in their eyes.,Some birds can “see” Earth’s magnetic field using a protein in their eyes.
30,Science Fact,Lens in Your Eye,The lens in your eye is the only part of your body that has no blood supply—it gets oxygen directly from the air.,The lens in your eye is the only part of your body that has no blood supply—it gets oxygen directly from the air.
31,Science Fact,Tardigrades,"Tardigrades (water bears) can survive in space, boiling water, freezing temps, and radiation.","Tardigrades (water bears) can survive in space, boiling water, freezing temps, and radiation."
32,Science Fact,Octopus Hearts,"Octopuses have three hearts—two pump blood to the gills, one to the body.","Octopuses have three hearts—two pump blood to the gills, one to the body."
33,Science Fact,Your Stomach Lining,Your stomach replaces its lining every few days to avoid digesting itself.,Your stomach replaces its lining every few days to avoid digesting itself.
34,Science Fact,Banana Radiation,Bananas are slightly radioactive due to their potassium-40 content.,Bananas are slightly radioactive due to their potassium-40 content.
35,Science Fact,Lightning Heat,A bolt of lightning is five times hotter than the surface of the sun.,A bolt of lightning is five times hotter than the surface of the sun.
36,Science Fact,Airplane Trails,Those white streaks planes leave are called contrails—formed when water vapor freezes around exhaust particles.,Those white streaks planes leave are called contrails—formed when water vapor freezes around exhaust particles.
37,Science Fact,Blood Color,Blood inside your body is always red—veins only look blue because of how light penetrates your skin.,Blood inside your body is always red—veins only look blue because of how light penetrates your skin.
38,Science Fact,Oldest Living Thing,"The oldest known living organism is a bristlecone pine tree over 4,800 years old.","The oldest known living organism is a bristlecone pine tree over 4,800 years old."
39,Science Fact,Sharks and Cancer,Sharks can get cancer—despite the myth that they’re immune to it.,Sharks can get cancer—despite the myth that they’re immune to it.
40,Science Fact,Saliva Production,Your body makes about one liter of saliva every day.,Your body makes about one liter of saliva every day.
41,Science Fact,Saturn’s Density,Saturn is so light it would float in water—if you could find a big enough tub.,Saturn is so light it would float in water—if you could find a big enough tub.
42,Science Fact,Solar Wind,"Every second, the sun releases about a million tons of material in the form of solar wind.","Every second, the sun releases about a million tons of material in the form of solar wind."
43,Science Fact,Giraffe Pressure,Giraffes have special valves in their neck veins to prevent brain damage from blood pressure.,Giraffes have special valves in their neck veins to prevent brain damage from blood pressure.
44,Science Fact,Sloths and Poop,Sloths climb down from trees only once a week to poop—and risk predators just to do it.,Sloths climb down from trees only once a week to poop—and risk predators just to do it.
45,Science Fact,Memory Formation,"Every time you recall a memory, your brain rewrites it—memories aren’t perfect recordings.","Every time you recall a memory, your brain rewrites it—memories aren’t perfect recordings."
46,Science Fact,Butterfly Taste,Babies taste with their tongues—**but butterflies taste with their feet**.,Butterflies taste with their feet.
47,Science Fact,Sound Speed Limit,Sound travels about **767 miles per hour** in air—but it moves over **4 times faster in water**.,Sound travels about 767 miles per hour in air—but it moves over 4 times faster in water.
48,Science Fact,Brain Power,Your brain uses **about 20%** of your body’s total energy—**even when you're doing nothing**.,Your brain uses about 20% of your body’s total energy—even when you're doing nothing.
49,Science Fact,Earth's Core Temp,"Earth’s inner core is nearly as hot as the **surface of the sun**, around **10,800°F (6,000°C)**.","Earth’s inner core is nearly as hot as the surface of the sun, around 10,800°F (6,000°C)."
50,Science Fact,Ants & Super Strength,Ants can lift **10 to 50 times** their body weight. That’s like you lifting a car... with your teeth.,Ants can lift 10 to 50 times their body weight. That’s like you lifting a car... with your teeth.
51,Science Fact,Water in Your Body,An average adult human is about **60% water**. You're basically a walking water balloon.,An average adult human is about 60% water. You're basically a walking water balloon.
52,Science Fact,Sugar vs Cocaine,"In lab rats, **sugar activates the brain’s reward system more than cocaine**. Sweet addiction is real.","In lab rats, sugar activates the brain’s reward system more than cocaine. Sweet addiction is real."
53,Science Fact,Milk Light,"Sunlight can destroy the nutrients in milk, which is why **opaque containers are better** than clear ones.","Sunlight can destroy the nutrients in milk, which is why opaque containers are better than clear ones."
54,Science Fact,Atoms Are Empty Space,"Atoms are **99.9999999% empty space**. If you removed all the empty space from human bodies, the entire human race could fit in a sugar cube.","Atoms are 99.9999999% empty space. If you removed all the empty space from human bodies, the entire human race could fit in a sugar cube."
55,Science Fact,Jellyfish Immortality,"Some jellyfish, like *Turritopsis dohrnii*, can **revert to earlier life stages** and potentially live forever.","Some jellyfish, like Turritopsis dohrnii, can revert to earlier life stages and potentially live forever."
56,Science Fact,Glass Flow Myth,Old glass windows aren't thicker at the bottom because glass flows—**they were just made that way**.,Old glass windows aren't thicker at the bottom because glass flows—they were just made that way.
57,Science Fact,Lung Surface Area,"The surface area of your lungs is roughly **the same as a tennis court**. Breathe it in, baby.","The surface area of your lungs is roughly the same as a tennis court. Breathe it in, baby."
58,Science Fact,Earth’s Magnetic Flip,"The Earth’s magnetic field **reverses every 200,000 to 300,000 years**. The last one was 780,000 years ago... so we’re overdue.","The Earth’s magnetic field reverses every 200,000 to 300,000 years. The last one was 780,000 years ago... so we’re overdue."
59,Science Fact,Octopus Brains,Octopuses have **nine brains**—one central brain and one in each arm to help control movement.,Octopuses have nine brains—one central brain and one in each arm to help control movement.
60,Science Fact,Space Smells,"According to astronauts, **space smells like burnt steak and welding fumes**. Galactic BBQ, anyone?","According to astronauts, space smells like burnt steak and welding fumes. Galactic BBQ, anyone?"
61,Science Fact,Dust = You,About **70–80% of household dust is made of dead skin cells**. You’re basically living in your own exfoliation.,About 70–80% of household dust is made of dead skin cells. You’re basically living in your own exfoliation.
62,Science Fact,Human Bone Strength,Human bone is **five times stronger than steel** by weight. You’re built tougher than you think.,Human bone is five times stronger than steel by weight. You’re built tougher than you think.
63,Science Fact,Lightning Temp,"A bolt of lightning is **hotter than the surface of the sun**, reaching up to **50,000°F (27,760°C)**.","A bolt of lightning is hotter than the surface of the sun, reaching up to 50,000°F (27,760°C)."
64,Science Fact,Sharks Are Older Than Trees,Sharks have existed for over **400 million years**. Trees came about **350 million years ago**. Sharks win.,Sharks have existed for over 400 million years. Trees came about 350 million years ago. Sharks win.
65,Science Fact,Brain Electricity,Your brain generates enough electricity to **power a lightbulb**—around 20 watts when awake.,Your brain generates enough electricity to power a lightbulb—around 20 watts when awake.
66,Science Fact,Redheads and Pain,Redheads are more sensitive to thermal pain and require **more anesthesia** during surgery. Blame genetics.,Redheads are more sensitive to thermal pain and require more anesthesia during surgery. Blame genetics.
67,Science Fact,Crying & Tears,"There are **three types of tears**: basal (lubrication), reflex (irritants), and emotional.","Crying produces three types of tears: basal, reflex, and emotional."
68,Science Fact,Solar Flares,A single solar flare can release **as much energy as a billion hydrogen bombs**. A real stellar tantrum.,A single solar flare can release as much energy as a billion hydrogen bombs. A real stellar tantrum.
69,Science Fact,Coffee Power,"Caffeine blocks a brain chemical called **adenosine**, making you feel more alert. Caffeine doesn’t give energy—it **tricks your brain**.","Caffeine blocks a brain chemical called adenosine, making you feel more alert. Caffeine doesn’t give energy—it tricks your brain."
70,Science Fact,Yawning,Catching a yawn isn’t rude—it’s science. Yawns may be **a form of social bonding and cooling the brain**.,Catching a yawn isn’t rude—it’s science. Yawns may be a form of social bonding and cooling the brain.
71,Science Fact,Heartbeats,"Your heart beats about **100,000 times per day**. That’s over **35 million times a year**.","Your heart beats about 100,000 times per day. That’s over 35 million times a year."
72,Science Fact,Water Memory Myth,"Despite pseudoscience claims, **water has no memory**. It's good at hydration, not holding grudges.","Despite pseudoscience claims, water has no memory. It's good at hydration, not holding grudges."
73,Science Fact,Cockroach Survival,Cockroaches can survive **without their head for a week**. They only die from dehydration.,Cockroaches can survive without their head for a week. They only die from dehydration.
74,Science Fact,Fingerprints vs Tongues,Fingerprints aren’t unique—**tongue prints are even more distinct** and can be used for ID.,Fingerprints aren’t unique—tongue prints are even more distinct and can be used for ID.
75,Science Fact,Your Stomach Lining,"Your stomach has to **regrow its lining every 3–4 days**, or it would digest itself. Hardcore self-defense.","Your stomach has to regrow its lining every 3–4 days, or it would digest itself. Hardcore self-defense."
76,Science Fact,Eyeball Power,Your eyes can distinguish about **10 million different colors**. They're not just pretty—they’re precision tools.,Your eyes can distinguish about 10 million different colors. They're not just pretty—they’re precision tools.
77,Science Fact,Octopus Hearts,"Octopuses have **three hearts**—two pump to the gills, and one to the body. That’s a whole lotta love.","Octopuses have three hearts—two pump to the gills, and one to the body. That’s a whole lotta love."
78,Science Fact,Air Weight,"The average human breathes in about **13 pints of air every minute**. That’s over **2,000 gallons a day**.","The average human breathes in about 13 pints of air every minute. That’s over 2,000 gallons a day."
79,Science Fact,Boiling Point Drop,Water **boils faster at higher altitudes** because there’s less atmospheric pressure. Mountains cook weird.,Water boils faster at higher altitudes because there’s less atmospheric pressure. Mountains cook weird.
80,Science Fact,Metallic Hydrogen,"On Jupiter, hydrogen becomes **a metallic liquid** due to insane pressure—literally a **liquid metal**.","On Jupiter, hydrogen becomes a metallic liquid due to insane pressure—literally a liquid metal."
81,Science Fact,Hiccups Origins,Hiccups are leftovers from our **evolutionary past**—amphibians use similar spasms to breathe.,Hiccups are leftovers from our evolutionary past—amphibians use similar spasms to breathe.
82,Science Fact,Chemical Memory,Every strong memory you have has a **unique chemical signature** in your brain. Emotions leave molecular fingerprints.,Every strong memory you have has a unique chemical signature in your brain. Emotions leave molecular fingerprints.
83,Science Fact,Sunlight Delay,Sunlight takes about **8 minutes and 20 seconds** to reach Earth. You see the Sun as it was 8 minutes ago.,Sunlight takes about 8 minutes and 20 seconds to reach Earth. You see the Sun as it was 8 minutes ago.
84,Science Fact,Human Bioluminescence,"Humans actually **emit a faint light**, but it’s **1,000 times weaker than our eyes can detect**.","Humans actually emit a faint light, but it’s 1,000 times weaker than our eyes can detect."
85,Science Fact,Moon Drifting,The Moon is drifting away from Earth at **about 1.5 inches per year**. Don’t worry—we’ve got time.,The Moon is drifting away from Earth at about 1.5 inches per year. Don’t worry—we’ve got time.
86,Science Fact,Supernova Gold,The gold in your jewelry was formed in a **supernova explosion** billions of years ago. Bling from the stars.,The gold in your jewelry was formed in a supernova explosion billions of years ago. Bling from the stars.
87,Science Fact,Fingernail Growth,Fingernails grow **faster on your dominant hand**. That’s right—your working hand gets VIP growth rates.,Fingernails grow faster on your dominant hand. That’s right—your working hand gets VIP growth rates.
88,Science Fact,Infrared Vision,"Humans can't see infrared light, but **snakes can**, allowing them to **see heat signatures** in total darkness.","Humans can't see infrared light, but snakes can, allowing them to see heat signatures in total darkness."
89,Science Fact,Honey Never Spoils,"**Archaeologists have found 3,000-year-old honey** in Egyptian tombs that's still perfectly edible. Sweet immortality.","Archaeologists have found 3,000-year-old honey in Egyptian tombs that's still perfectly edible. Sweet immortality."
90,Science Fact,Atoms Are Empty Space,"If an atom were the size of a stadium, the nucleus would be a marble in the center. **Everything is mostly empty space**.","If an atom were the size of a stadium, the nucleus would be a marble in the center. Everything is mostly empty space."
